CMPD_CHEMBLID,CANONICAL_SMILES,STANDARD_VALUE
CHEMBL179256,OC(=O)c1ccc2c(c1)nc(c3ccc(O)cc3F)n2C4CCCCC4,1.4
CHEMBL204350,CC(C)(C)CCN1[C@H](C(=C(C1=O)C2=NS(=O)(=O)c3ccccc3N2)O)C(C)(C)C,1.7
CHEMBL179257,OC(=O)c1ccc2c(c1)nc(c3ccc(O)cc3)n2C4CCCCC4,3
CHEMBL178784,OC(=O)c1ccc2c(C3CCCCC3)c([nH]c2c1)c4ccc(O)cc4,4.8
CHEMBL369319,CN(C)C(=O)Cn1c(c2ccc(OCc3ccccc3)cc2)c(C4CCCCC4)c5ccc(cc15)C(=O)O,6
CHEMBL3651437,CNC(=O)c1c(oc2ccc(c(F)c12)c3cc(cc(F)c3C)C(=O)NC4(COC4)c5ncccn5)c6ccc(F)cc6,6
CHEMBL191196,CS(=O)(=O)N1CCN(CC1)C(=O)Cn2c(c3ccc(Cl)cc3)c(C4CCCCC4)c5ccc(cc25)C(=O)O,7
CHEMBL173466,OC(=O)[C@H](Cc1c[nH]c2ccc(NC(=O)C(=O)O)cc12)NC(=O)c3ccc4c(c3)nc(c5cocc5)n4C6CCCCC6,8
CHEMBL363199,OC(=O)c1ccc2c(C3CCCCC3)c(c4ccc(Cl)cc4)n(CC(=O)NCC5CC5)c2c1,8
CHEMBL210693,CNS(=O)(=O)Nc1ccc2N=C(NS(=O)(=O)c2c1)C3=C(O)c4ccccc4N(NC5CCC5)C3=O,8.7
CHEMBL190428,COc1ccc(cc1)c2c(C3CCCCC3)c4ccc(cc4n2CC(=O)N5CCC(CC5)N(C)C)C(=O)O,9
CHEMBL362957,OC(=O)c1ccc2c(C3CCCCC3)c(c4cocc4)n(CC(=O)N5CCC(CC5)N6CCC6)c2c1,9
CHEMBL190098,CCN(CC)C1CCN(CC1)C(=O)Cn2c(c3ccc(OC)cc3)c(C4CCCCC4)c5ccc(cc25)C(=O)O,9
CHEMBL365951,CCN(CC)CC1CN(CCO1)C(=O)Cn2c(c3ccc(OC)cc3)c(C4CCCCC4)c5ccc(cc25)C(=O)O,9
CHEMBL1203926,Cl.Cl.OC(=O)c1ccc2c(C3CCCCC3)c4c5ccccc5N(CCN6CCCCC6)CCn4c2c1,9
CHEMBL362909,CCN(CC)C1CCN(CC1)C(=O)Cn2c(c3ccc(Cl)cc3)c(C4CCCCC4)c5ccc(cc25)C(=O)O,9
CHEMBL210671,CC(C)CCN1C(=O)C(=C(O)c2cccnc12)C3=NS(=O)(=O)c4cc(NS(=O)(=O)NCCN)ccc4N3,10
CHEMBL3651435,CNC(=O)c1c(oc2ccc(c(F)c12)c3cc(ccc3C)C(=O)NC4(COC4)c5ncccn5)c6ccc(F)cc6,10
CHEMBL394002,COc1ccc(CNS(=O)(=O)Nc2ccc3NC(=NS(=O)(=O)c3c2)C4=C(O)c5cccnc5N(CCC(C)C)C4=O)cc1,10
CHEMBL179228,Cc1ccc(cc1)c2c(C3CCCCC3)c4ccc(cc4n2CC(=O)N5CCOCC5)C(=O)O,11
CHEMBL363566,OC(=O)c1ccc2c(C3CCCCC3)c(c4ccc(Cl)cc4)n(CC(=O)N5CCS(=O)(=O)CC5)c2c1,11
CHEMBL190945,CC(C)N(C)C(=O)Cn1c(c2ccc(Cl)cc2)c(C3CCCCC3)c4ccc(cc14)C(=O)O,11
CHEMBL378026,CN(C)C(=O)c1ccc(c(COc2ccc(c(F)c2)c3nc4cc(ccc4n3C5CCCCC5)C(=O)O)c1)c6ccc(Cl)cc6,12
CHEMBL190146,CN1CCN(CC1)C(=O)Cn2c(c3ccc(Cl)cc3)c(C4CCCCC4)c5ccc(cc25)C(=O)O,12
CHEMBL372433,CN(CC1CCCN(C)C1)C(=O)Cn2c(c3ccc(Cl)cc3)c(C4CCCCC4)c5ccc(cc25)C(=O)O,12
CHEMBL378053,CNC(=O)c1ccc(c(COc2ccc(c(F)c2)c3nc4cc(ccc4n3C5CCCCC5)C(=O)O)c1)c6ccc(Cl)cc6,12
CHEMBL443044,CN(C)C1CNC(C1)C(=O)Cn2c(c3ccc(Cl)cc3)c(C4CCCCC4)c5ccc(cc25)C(=O)O,13
CHEMBL202319,OC1=C(C(=O)N(CCC2CC2)c3ccccc13)C4=NS(=O)(=O)c5ccccc5N4,13
CHEMBL211130,CC(C)CCN1C(=O)C(=C(O)c2cccnc12)C3=NS(=O)(=O)c4cc(NS(=O)(=O)NCc5cccc(c5)[N+](=O)[O-])ccc4N3,13
CHEMBL375133,CC(C)NC(=O)c1ccc(c(COc2ccc(c(F)c2)c3nc4cc(ccc4n3C5CCCCC5)C(=O)O)c1)c6ccc(Cl)cc6,13
CHEMBL438430,NC(=O)c1ccc(c(COc2ccc(cc2)c3nc4cc(ccc4n3C5CCCCC5)C(=O)O)c1)c6ccc(Cl)cc6,13
CHEMBL222231,COc1cc(OC)c(CCC2(CC(=C(Sc3nc4nc(C)cc(C)n4n3)C(=O)O2)O)C5CCCC5)cc1Cl,14
CHEMBL368589,OC1CCN(CC1)C(=O)c2ccc(c(COc3ccc(c(F)c3)c4nc5cc(ccc5n4C6CCCCC6)C(=O)O)c2)c7ccc(Cl)cc7,14
CHEMBL213695,CC(=O)Nc1ccc(c(COc2ccc(c(F)c2)c3nc4cc(ccc4n3C5CCCCC5)C(=O)O)c1)c6ccc(Cl)cc6,14
CHEMBL210760,CNS(=O)(=O)Nc1ccc2N=C(NS(=O)(=O)c2c1)C3=C(O)c4cccnc4N(CCC(C)C)C3=O,14
CHEMBL379435,OC(=O)c1ccc2c(c1)nc(c3ccc(OCc4cc(ccc4c5ccc(Cl)cc5)C(=O)N6CCOCC6)cc3F)n2C7CCCCC7,14
CHEMBL361232,CN(C)C(=O)Cn1c(c2ccc(Cl)cc2)c(C3CCCCC3)c4ccc(cc14)C(=O)O,15
CHEMBL376688,CN(C)C(=O)c1ccc(c(COc2ccc(cc2)c3nc4cc(ccc4n3C5CCCCC5)C(=O)O)c1)c6ccc(Cl)cc6,15
CHEMBL366575,OC(=O)[C@H](Cc1c[nH]c2ccc(cc12)C3N=NN=N3)NC(=O)c4ccc5c(c4)nc(c6cocc6)n5C7CCCCC7,15
CHEMBL238897,COc1cccc(CNS(=O)(=O)Nc2ccc3NC(=NS(=O)(=O)c3c2)C4=C(O)c5cccnc5N(CCC(C)C)C4=O)c1,15
CHEMBL3651434,CNC(=O)c1c(oc2ccc(c(F)c12)c3cc(cc(F)c3C)C(=O)NC4(COC4)c5ccccn5)c6ccc(F)cc6,16
CHEMBL374567,CN(C(=O)C)c1ccc(c(COc2ccc(c(F)c2)c3nc4cc(ccc4n3C5CCCCC5)C(=O)O)c1)c6ccc(Cl)cc6,16
CHEMBL386508,Cn1c(c2cocc2)c(C3CCCCC3)c4ccc(cc14)C(=O)O,16
CHEMBL378470,NS(=O)(=O)c1ccc(c(COc2ccc(cc2)c3nc4cc(ccc4n3C5CCCCC5)C(=O)O)c1)c6ccc(Cl)cc6,16
CHEMBL179673,CN(C)C(=O)Cn1c(c2ccc(C)cc2)c(C3CCCCC3)c4ccc(cc14)C(=O)O,17
CHEMBL3651433,CNC(=O)c1c(oc2ccc(c(F)c12)c3cc(C(=O)NC4(COC4)c5ccccn5)c(OC)cc3C)c6ccc(F)cc6,17
CHEMBL386319,OC(=O)c1ccc2c(C3CCCCC3)c4c5ccc(OCc6ccccc6)cc5OCCn4c2c1,17
CHEMBL191059,CN(C)C(=O)CN(C)C(=O)Cn1c(c2ccc(Cl)cc2)c(C3CCCCC3)c4ccc(cc14)C(=O)O,17
CHEMBL361156,CN(C)C(=O)Cn1c(c2cccc(F)c2)c(C3CCCCC3)c4ccc(cc14)C(=O)O,18
CHEMBL179970,COc1ccc(cc1)c2c(C3CCCCC3)c4ccc(cc4n2CC(=O)N(C)C)C(=O)O,18
CHEMBL1204385,Cl.Cl.CN(C)CCN1CCn2c(c3ccccc13)c(C4CCCCC4)c5ccc(cc25)C(=O)O,18
CHEMBL411712,OC(=O)c1ccc2c(c1)nc(c3ccc(OCc4cc(ccc4c5ccc(Cl)cc5)C(=O)N6CCCCC6)cc3F)n2C7CCCCC7,18
CHEMBL211639,CNC(=O)c1ccc(c(COc2ccc(cc2)c3nc4cc(ccc4n3C5CCCCC5)C(=O)O)c1)c6ccc(Cl)cc6,18
CHEMBL211849,CC(=O)c1ccc(c(COc2ccc(cc2)c3nc4cc(ccc4n3C5CCCCC5)C(=O)O)c1)c6ccc(Cl)cc6,18
CHEMBL189054,CN(CC1CCCN(C)C1)C(=O)Cn2c(c3ccccc3)c(C4CCCCC4)c5ccc(cc25)C(=O)O,18
CHEMBL364942,CN(C)C(=O)Cn1c(c2cccc(CN3CCCC(F)(F)C3)c2)c(C4CCCCC4)c5ccc(cc15)C(=O)O,18
CHEMBL193242,CN(C)C1CCN(CC1)C(=O)Cn2c(C3=CCCCC3)c(C4CCCCC4)c5ccc(cc25)C(=O)O,18
CHEMBL205341,CC(C)CCN1[C@H](C(=C(C1=O)C2=NS(=O)(=O)c3ccccc3N2)O)C(C)(C)C,18
CHEMBL208817,CC(C)CCN1C(=O)C(=C(O)c2cccnc12)C3=NS(=O)(=O)c4cc(NS(=O)(=O)Nc5ccc(cc5)C(=O)N)ccc4N3,18
CHEMBL215056,CN1CCn2c(c3ccccc13)c(C4CCCCC4)c5ccc(cc25)C(=O)O,19
CHEMBL366574,OC(=O)COc1ccc2[nH]cc(C[C@H](NC(=O)c3ccc4c(c3)nc(c5cocc5)n4C6CCCCC6)C(=O)O)c2c1,19
CHEMBL377813,CCN(C(=O)C)c1ccc(c(COc2ccc(c(F)c2)c3nc4cc(ccc4n3C5CCCCC5)C(=O)O)c1)c6ccc(Cl)cc6,19
CHEMBL362572,CS(=O)(=O)N1CCN(CC1)C(=O)Cn2c(c3ccccc3)c(C4CCCCC4)c5ccc(cc25)C(=O)O,19
CHEMBL176905,OC(=O)[C@H](Cc1c[nH]c2ccc(cc12)C(=O)O)NC(=O)c3ccc4c(c3)nc(c5cocc5)n4C6CCCCC6,20
CHEMBL378727,CC(C)CCN1C(=O)C(=C(O)c2cccnc12)C3=NS(=O)(=O)c4cc(NS(=O)(=O)Nc5ccc(cc5)C(=O)O)ccc4N3,20
CHEMBL208945,CC(C)CCN1C(=O)C(=C(O)c2cccnc12)C3=NS(=O)(=O)c4cc(NS(=O)(=O)NCCC(=O)N)ccc4N3,20
CHEMBL202317,CC(C)CCN1C(=O)C(=C(O)c2cc(F)ccc12)C3=NS(=O)(=O)c4ccccc4N3,20
CHEMBL1203925,Cl.OC(=O)c1ccc2c(C3CCCCC3)c4c5ccccc5NCCn4c2c1,21
CHEMBL202405,CC(C)(C)CCN1C(=O)C(=C(O)c2ccccc12)C3=NS(=O)(=O)c4ccccc4N3,21
CHEMBL380002,CC(C)N(C(=O)C)c1ccc(c(COc2ccc(c(F)c2)c3nc4cc(ccc4n3C5CCCCC5)C(=O)O)c1)c6ccc(Cl)cc6,21
CHEMBL214365,CCCNC(=O)c1ccc(c(COc2ccc(c(F)c2)c3nc4cc(ccc4n3C5CCCCC5)C(=O)O)c1)c6ccc(Cl)cc6,21
CHEMBL212728,CC(C)CCN1C(=O)C(=C(O)c2cccnc12)C3=NS(=O)(=O)c4cc(NS(=O)(=O)NC(=O)OCCN)ccc4N3,21
CHEMBL213807,OCCNC(=O)c1ccc(c(COc2ccc(c(F)c2)c3nc4cc(ccc4n3C5CCCCC5)C(=O)O)c1)c6ccc(Cl)cc6,21
CHEMBL425221,CC(C)CCN1C(=O)C(=C(O)c2cc(NCC(=O)O)ccc12)C3=NS(=O)(=O)c4ccccc4N3,21
CHEMBL214864,Cn1c(c2cocc2)c(C3CCCC3)c4ccc(cc14)C(=O)O,21
CHEMBL379931,CC(=O)Nc1ccc(c(COc2ccc(cc2)c3nc4cc(ccc4n3C5CCCCC5)C(=O)O)c1)c6ccc(Cl)cc6,22
CHEMBL3651436,CNC(=O)c1c(oc2ccc(c(F)c12)c3cc(C(=O)NC4(COC4)c5ncccn5)c(OC)cc3C)c6ccc(F)cc6,22
CHEMBL204628,CC(C)(C)[C@@H]1N(Cc2ccccc2)C(=O)C(=C1O)C3=NS(=O)(=O)c4ccccc4N3,22
CHEMBL208585,CN(C)C(=O)Nc1ccc(c(COc2ccc(c(F)c2)c3nc4cc(ccc4n3C5CCCCC5)C(=O)O)c1)c6ccc(Cl)cc6,22
CHEMBL379033,COc1ccc2N(CCC(C)C)C(=O)C(=C(O)c2c1)C3=NS(=O)(=O)c4ccccc4N3,23
CHEMBL378469,CN(C)S(=O)(=O)c1ccc(c(COc2ccc(cc2)c3nc4cc(ccc4n3C5CCCCC5)C(=O)O)c1)c6ccc(Cl)cc6,23
CHEMBL3651432,CNC(=O)c1c(oc2ccc(c(F)c12)c3cc(ccc3C)C(=O)NC4(COC4)c5ccccn5)c6ccc(F)cc6,24
CHEMBL385407,CN(C)C(=O)CN1CCn2c(c3ccccc13)c(C4CCCCC4)c5ccc(cc25)C(=O)O,24
CHEMBL210674,CC(C)CCN1C(=O)C(=C(O)c2cccnc12)C3=NS(=O)(=O)c4cc(NS(=O)(=O)NN5CCC5)ccc4N3,24
CHEMBL376462,OC(=O)c1ccc(c(COc2ccc(cc2)c3nc4cc(ccc4n3C5CCCCC5)C(=O)O)c1)c6ccc(Cl)cc6,24
CHEMBL380686,CC(C)CCN1C(=O)C(=C(O)c2cc(OCC(=O)N)ccc12)C3=NS(=O)(=O)c4ccccc4N3,24
CHEMBL383960,OC(=O)c1ccc2c(C3CCCC3)c([nH]c2c1)c4cocc4,25
CHEMBL179532,OC(=O)c1ccc2c(C3CCCCC3)c(c4ccccc4)n(CC(=O)N5CCOCC5)c2c1,26
CHEMBL216865,OC(=O)c1ccc2c(C3CCCCC3)c4c5ccccc5N(CCc6ccccc6)CCn4c2c1,26
CHEMBL386726,OC(=O)c1ccc2c(C3CCCCC3)c4c5ccccc5OCCn4c2c1,26
CHEMBL370203,OC1=C(C2=NS(=O)(=O)c3ccccc3N2)C(=O)N(Cc4cocc4)c5ccccc15,27
CHEMBL212200,CC(C)CCN1C(=O)C(=C(O)c2cccnc12)C3=NS(=O)(=O)c4cc(NS(=O)(=O)NN5CCCC5)ccc4N3,27
CHEMBL209853,OC(=O)c1ccc2c(c1)nc(c3ccc(OCc4cc(ccc4c5ccc(Cl)cc5)C(=O)NCc6ccccc6)cc3)n2C7CCCCC7,29
CHEMBL425693,Cn1c(c2ccccc2)c(C3CCCCC3)c4ccc(cc14)C(=O)O,30
CHEMBL216000,OC(=O)c1ccc2c(C3CCCCC3)c([nH]c2c1)c4cocc4,30
CHEMBL366197,OC(=O)\C(=C\c1ccc(Oc2c(F)cccc2Br)cc1)\NC(=O)c3ccccc3,30
CHEMBL190558,CN(C)C(=O)Cn1c(c2cocc2)c(C3CCCCC3)c4ccc(cc14)C(=O)O,31
CHEMBL212363,CC(C)C(=O)N(C)c1ccc(c(COc2ccc(c(F)c2)c3nc4cc(ccc4n3C5CCCCC5)C(=O)O)c1)c6ccc(Cl)cc6,32
CHEMBL378218,CN(C)C(=O)c1ccc(COc2ccc(cc2)c3nc4cc(ccc4n3C5CCCCC5)C(=O)O)c(c1)c6ccc(Cl)cc6,32
CHEMBL211044,CC(C)CCN1C(=O)C(=C(O)c2cccnc12)C3=NS(=O)(=O)c4cc(NS(=O)(=O)NC5CCNCC5)ccc4N3,32
CHEMBL203426,Nc1ccc2N(CCC3CC3)C(=O)C(=C(O)c2c1)C4=NS(=O)(=O)c5ccccc5N4,32
CHEMBL201558,CC(C)CCN1C(=O)C(=C(O)c2c(Cl)cccc12)C3=NS(=O)(=O)c4ccccc4N3,33
CHEMBL201690,CC(C)CCN1C(=O)C(=C(O)c2cc(OCC#N)ccc12)C3=NS(=O)(=O)c4ccccc4N3,34
CHEMBL201332,OC1=C(C2=NS(=O)(=O)c3ccccc3N2)C(=O)N(Cc4cccc(Br)c4)c5ccccc15,36
CHEMBL216143,CC(C)N1CCn2c(c3ccccc13)c(C4CCCCC4)c5ccc(cc25)C(=O)O,36
CHEMBL424769,NC(=O)c1ccc2[nH]cc(C[C@H](NC(=O)c3ccc4c(c3)nc(c5cocc5)n4C6CCCCC6)C(=O)O)c2c1,37
CHEMBL369320,OC(=O)c1ccc2c(C3CCCCC3)c(c4ccccc4)n(Cc5ccccc5)c2c1,37
CHEMBL215007,COc1ccc(CCC2(CC(=O)C(=C(O)O2)Sc3nncn3C)C4CCCC4)cc1Cl,38
CHEMBL215708,OC(=O)c1ccc2c(C3CCCCC3)c4c5ccccc5SCCn4c2c1,38
CHEMBL378748,CC(C)CCN1C(=O)C(=C(O)c2cccnc12)C3=NS(=O)(=O)c4cc(NS(=O)(=O)NC5CCCC5)ccc4N3,39
CHEMBL189744,CN1CCN(CC1)C(=O)Cn2c(c3ccccc3)c(C4CCCCC4)c5ccc(cc25)C(=O)O,39
CHEMBL362834,CN(C)C(=O)Cn1c(c2cccc(Cl)c2)c(C3CCCCC3)c4ccc(cc14)C(=O)O,40
CHEMBL370679,OC(=O)\C(=C\c1ccc(Oc2ccccc2I)cc1)\NC(=O)c3ccccc3,40
CHEMBL440992,OC(=O)c1ccc2c(C3CCCCC3)c4c5ccccc5N(Cc6ccccc6)CCn4c2c1,41
CHEMBL188698,CN(C)C1CCN(CC1)C(=O)Cn2c(c3ccccc3)c(C4CCCCC4)c5ccc(cc25)C(=O)O,41
CHEMBL383733,CC(C)CCN1C(=O)C(=C(O)c2cccnc12)C3=NS(=O)(=O)c4cc(NS(=O)(=O)Nc5ccccc5)ccc4N3,41
CHEMBL203254,CC1CC1CN2C(=O)C(=C(O)c3ccccc23)C4=NS(=O)(=O)c5ccccc5N4,41
CHEMBL373786,OC(=O)c1ccc2c(c1)nc(c3ccc(OCc4cc(ccc4c5ccc(Cl)cc5)C#N)cc3)n2C6CCCCC6,41
CHEMBL372235,OC(=O)c1ccc2c(C3CCCCC3)c(c4ccccc4)n(CC(=O)N5CCS(=O)(=O)CC5)c2c1,43
CHEMBL201406,CC(C)CCN1C(=O)C(=C(O)c2cc(Cl)ccc12)C3=NS(=O)(=O)c4ccccc4N3,43
CHEMBL377394,CC(C)CCN1C(=O)C(=C(O)c2cccnc12)C3=NS(=O)(=O)c4cc(NS(=O)(=O)Nc5cccc(c5)C(=O)N)ccc4N3,43
CHEMBL208595,CC(C)CCN1C(=O)C(=C(O)c2cccnc12)C3=NS(=O)(=O)c4cc(NS(=O)(=O)Nc5cccc(c5)C(=O)NCC(=O)N)ccc4N3,43
CHEMBL241423,CNC(=O)c1ccc(NS(=O)(=O)Nc2ccc3NC(=NS(=O)(=O)c3c2)C4=C(O)c5cccnc5N(CCC(C)C)C4=O)cc1,43
CHEMBL202165,CC(CCN1C(=O)C(=C(O)c2ccccc12)C3=NS(=O)(=O)c4ccccc4N3)C(F)(F)F,44
CHEMBL215329,Cc1c(c2cocc2)n(C3CCCCC3)c4ccc(cc14)C(=O)O,44
CHEMBL174719,OC(=O)C(=O)\C=C(/O)\c1cccc(OCc2cc(Cl)cc(Cl)c2C#N)c1,45
CHEMBL361202,CS(=O)(=O)NC(=O)Cn1c(c2ccccc2)c(C3CCCCC3)c4ccc(cc14)C(=O)O,45
CHEMBL216647,CC(C)(NC(=O)c1ccc2c(C3CCCCC3)c4c5ccccc5OCCn4c2c1)C(=O)O,46
CHEMBL201600,CC(C)CCN1C(=O)C(=C(O)c2c(O)cccc12)C3=NS(=O)(=O)c4ccccc4N3,47
CHEMBL188218,CN(CC1CCCN(C)C1)C(=O)Cn2c(c3ccccc3)c(C4CCCC4)c5ccc(cc25)C(=O)O,47
CHEMBL217259,OC(=O)c1ccc2C(=C3C(CCCOc4ccccc34)c2c1)C5CCCCC5,47
CHEMBL201769,CC(C)CCN1C(=O)C(=C(O)c2cc(C)ccc12)C3=NS(=O)(=O)c4ccccc4N3,47
CHEMBL240779,COC(=O)c1ccc(NS(=O)(=O)Nc2ccc3NC(=NS(=O)(=O)c3c2)C4=C(O)c5cccnc5N(CCC(C)C)C4=O)cc1,48
CHEMBL368884,OC(=O)c1ccc2c(C3CCCCC3)c([nH]c2c1)c4ccccc4,48
CHEMBL202595,CC(C)(C)CCN1C(=O)C(=C(O)c2cc(NCCO)ccc12)C3=NS(=O)(=O)c4ccccc4N3,48
CHEMBL201385,OC1=C(C(=O)N(CC2CCC2)c3ccccc13)C4=NS(=O)(=O)c5ccccc5N4,49
CHEMBL188969,CN(C)C1CCN(CC1)C(=O)Cn2c(C=C)c(C3CCCCC3)c4ccc(cc24)C(=O)O,49
CHEMBL198718,OC(=O)C(=O)\C=C(/O)\c1cccc(NS(=O)(=O)c2cc(Cl)c(Cl)cc2Cl)c1,49
CHEMBL209425,OC(=O)c1ccc2c(c1)nc(c3ccc(OCc4ccccc4c5ccc(Cl)cc5)cc3)n2C6CCCCC6,50
CHEMBL367225,OC(=O)[C@H](Cc1c[nH]c2ccc(O)cc12)NC(=O)c3ccc4c(c3)nc(c5cocc5)n4C6CCCCC6,50
CHEMBL380997,CCC[C@]1(CC(=O)O)OCCc2c1sc3c(C)cc(F)c(C#N)c23,50
CHEMBL211507,OC(=O)c1ccc2c(c1)nc(c3ccc(OCc4cc(Cl)ccc4c5ccc(Cl)cc5)cc3)n2C6CCCCC6,50
CHEMBL365135,CCc1ccccc1C(=O)N\C(=C/c2ccc(Oc3ccccc3Br)cc2)\C(=O)O,50
CHEMBL377356,CC(C)CCN1C(=O)C(=C(O)c2cccnc12)C3=NS(=O)(=O)c4cc(NS(=O)(=O)NC(=O)OCC(=O)O)ccc4N3,50
CHEMBL216863,Cn1c(c2cocc2)c(C3CCCCC3)c4ccc(nc14)C(=O)O,51
CHEMBL212582,OC(=O)c1ccc2c(c1)nc(c3ccc(OCc4cccnc4c5ccc(Cl)cc5)cc3)n2C6CCCCC6,53
CHEMBL201456,CSCCN1C(=O)C(=C(O)c2ccccc12)C3=NS(=O)(=O)c4ccccc4N3,53
CHEMBL209681,OC(=O)c1ccc2c(c1)nc(c3ccc(OCc4cc(Cl)ccc4c5ccc(cc5)C#N)cc3)n2C6CCCCC6,55
CHEMBL372590,OC(=O)C(=O)\C=C(/O)\c1cccc(OCc2cc(Cl)c(Cl)cc2C#N)c1,56
CHEMBL394033,COc1ccccc1CNS(=O)(=O)Nc2ccc3NC(=NS(=O)(=O)c3c2)C4=C(O)c5cccnc5N(CCC(C)C)C4=O,57
CHEMBL3651431,CNC(=O)c1c(oc2ccc(c(F)c12)c3cc(ccc3C)C(=O)NC4(COC4)c5ccccc5)c6ccc(F)cc6,57
CHEMBL211004,CC(C)CCN1C(=O)C(=C(O)c2cccnc12)C3=NS(=O)(=O)c4cc(NS(=O)(=O)NC(=O)OCc5ccccc5)ccc4N3,58
CHEMBL373930,OC(=O)c1ccc(cc1)c2ccc(Cl)cc2COc3ccc(cc3)c4nc5cc(ccc5n4C6CCCCC6)C(=O)O,58
CHEMBL213832,CN(C)C(=O)Cn1c(c2ccccc2)c(C3CCCCC3)c4sc(cc14)C(=O)O,58
CHEMBL180772,CCC(CC)CN1C(=O)C(=C(O)c2cccnc12)C3=NS(=O)(=O)c4ccccc4N3,58
CHEMBL178126,CN(C)C(=O)Cn1c(c2ccccc2)c(C3CCCCC3)c4ccc(cc14)C(=O)O,59
CHEMBL381613,CC(C)(C)[C@@H]1N(Cc2ccc(F)cc2)C(=O)C(=C1O)C3=NS(=O)(=O)c4ccccc4N3,59
CHEMBL174670,CC(=O)Nc1ccc2[nH]cc(C[C@H](NC(=O)c3ccc4c(c3)nc(c5cocc5)n4C6CCCCC6)C(=O)O)c2c1,60
CHEMBL371345,OC(=O)CNC(=O)\C(=C\c1ccc(Oc2ccccc2Br)cc1)\NC(=O)c3ccccc3,60
CHEMBL201337,OC1=C(C2=NS(=O)(=O)c3ccccc3N2)C(=O)N(Cc4ccncc4)c5ccccc15,61
CHEMBL379184,CCOC(=O)COC(=O)NS(=O)(=O)Nc1ccc2N=C(NS(=O)(=O)c2c1)C3=C(O)c4cccnc4N(CCC(C)C)C3=O,61
CHEMBL191446,CC(C)N(C)C(=O)Cn1c(c2ccccc2)c(C3CCCCC3)c4ccc(cc14)C(=O)O,62
CHEMBL426302,CC(C)CCN1C(=O)C(=C(O)c2cc(N)ccc12)C3=NS(=O)(=O)c4ccccc4N3,62
CHEMBL241629,COC(=O)NS(=O)(=O)Nc1ccc2NC(=NS(=O)(=O)c2c1)C3=C(O)c4cccnc4N(CCC(C)C)C3=O,63
CHEMBL211213,CN(C)c1ccc(c(COc2ccc(cc2)c3nc4cc(ccc4n3C5CCCCC5)C(=O)O)c1)c6ccc(Cl)cc6,63
CHEMBL364269,OC(=O)c1ccc2c(C3CCCCC3)c(c4ccccc4)n(CC(=O)NCC5CC5)c2c1,63
CHEMBL377275,CCC(C)CCN1C(=O)C(=C(O)c2ccccc12)C3=NS(=O)(=O)c4ccccc4N3,65
CHEMBL386744,OC(=O)c1cc2[nH]c(c3ccccc3)c(C4CCCCC4)c2s1,66
CHEMBL384446,CC(C)CCN1C(=O)C(=C(O)c2cccnc12)C3=NS(=O)(=O)c4cc(NS(=O)(=O)NC5CCCCC5)ccc4N3,67
CHEMBL189534,CN1CCN(CC1)C(=O)Cn2c(c3ccccc3)c(C4CCCC4)c5ccc(cc25)C(=O)O,68
CHEMBL377889,NC(=O)c1ccc(cc1)c2ccc(Cl)cc2COc3ccc(cc3)c4nc5cc(ccc5n4C6CCCCC6)C(=O)O,69
CHEMBL439848,COc1ccc(cn1)c2c(C3CCCCC3)c4ccc(cc4n2CC(=O)N(C)C)C(=O)O,69
CHEMBL193427,OC(=O)\C(=C\c1ccc(Oc2c(F)cccc2Cl)cc1)\NC(=O)c3ccccc3,70
CHEMBL191820,OC(=O)\C(=C\c1ccc(Oc2ccccc2Br)cc1)\NC(=O)C34CC5CC(CC(C5)C3)C4,70
CHEMBL187653,CN(C)C1CNC(C1)C(=O)Cn2c(c3ccccc3)c(C4CCCCC4)c5ccc(cc25)C(=O)O,71
CHEMBL364941,CN(C)C1CCN(CC1)C(=O)Cn2c(C3CCCCC3)c(C4CCCCC4)c5ccc(cc25)C(=O)O,72
CHEMBL209357,CC(C)CCN1C(=O)C(=C(O)c2cccnc12)C3=NS(=O)(=O)c4cc(NS(=O)(=O)NC(=O)OCC#C)ccc4N3,72
CHEMBL387405,Cn1c(c2cocc2)c(C3CCCC3)c4ccc(C(=O)O)c(O)c14,75
CHEMBL216384,OC(=O)c1ccc2c(C3CCCCC3)c4c5ccccc5CCCn4c2c1,77
CHEMBL384453,OC(=O)c1ccc2c(C3CCCC3)c(sc2c1)c4cocc4,78
CHEMBL191002,CN(C)C1CNC(C1)C(=O)Cn2c(c3ccccc3)c(C4CCCC4)c5ccc(cc25)C(=O)O,78
CHEMBL371635,OC1=C(C(=O)N(CC2CC2)c3ccccc13)C4=NS(=O)(=O)c5ccccc5N4,78
CHEMBL372656,CN(C)Cc1cc(ccc1Cl)c2c(C3CCCCC3)c4ccc(cc4n2CC(=O)N(C)C)C(=O)O,78
CHEMBL363342,CC(C)N(C)Cc1cccc(c1)c2c(C3CCCCC3)c4ccc(cc4n2CC(=O)N(C)C)C(=O)O,78
CHEMBL381010,CCCCCN1C(=O)C(=C(O)c2ccccc12)C3=NS(=O)(=O)c4ccccc4N3,80
CHEMBL263976,Cn1c(c2ccccc2)c(C3CCCCC3)c4ccc(nc14)C(=O)O,80
CHEMBL210597,OC(=O)[C@@H]1CCCN1S(=O)(=O)c2cc(Cl)c(Cl)c(Cl)c2O,80
CHEMBL192896,OC(=O)\C(=C\c1ccc(Oc2ccccc2Br)cc1)\NC(=O)c3ccccc3O,80
CHEMBL384144,OC(=O)c1ccc2c(C3CCCC3)c(oc2c1)c4cocc4,81
CHEMBL201063,OC1=C(C2=NS(=O)(=O)c3ccccc3N2)C(=O)N(Cc4cccc(c4)[N+](=O)[O-])c5ccccc15,81
CHEMBL201436,COC(C)CCN1C(=O)C(=C(O)c2ccccc12)C3=NS(=O)(=O)c4ccccc4N3,82
CHEMBL201088,OC1=C(C2=NS(=O)(=O)c3ccccc3N2)C(=O)N(Cc4ccccc4)c5ccccc15,82
CHEMBL208822,COCCOC(=O)NS(=O)(=O)Nc1ccc2N=C(NS(=O)(=O)c2c1)C3=C(O)c4cccnc4N(CCC(C)C)C3=O,87
CHEMBL210491,CC(C)CCN1C(=O)C(=C(O)c2cccnc12)C3=NS(=O)(=O)c4cc(NS(=O)(=O)NC(=O)OCC=C)ccc4N3,88
CHEMBL205579,CCC(C)[C@@H]1N(Cc2ccccc2)C(=O)C(=C1O)C3=NS(=O)(=O)c4ccccc4N3,88
CHEMBL209396,Cc1nc(c(COc2ccc(cc2)c3nc4cc(ccc4n3C5CCCCC5)C(=O)O)s1)c6ccc(Cl)cc6,90
CHEMBL192804,OC(=O)\C(=C\c1ccc(Oc2ccccc2Br)cc1)\NC(=O)c3cccc(F)c3,90
CHEMBL201814,OC1=C(C(=O)N(CCC=C)c2ccccc12)C3=NS(=O)(=O)c4ccccc4N3,90
CHEMBL206793,Cc1cccc(Cl)c1CNC(=O)Nc2ccsc2c3nc(O)c(O)c(n3)C(=O)O,90
CHEMBL215233,Cn1c(c2ccccn2)c(C3CCCCC3)c4ccc(cc14)C(=O)O,90
CHEMBL175002,Nc1ccc2[nH]cc(C[C@H](NC(=O)c3ccc4c(c3)nc(c5cocc5)n4C6CCCCC6)C(=O)O)c2c1,90
CHEMBL383170,OC1=C(C(=O)N(CCC2CC2)c3c(F)cccc13)C4=NS(=O)(=O)c5ccccc5N4,90
CHEMBL369555,OC1=C(C(=O)N(CC2CCCCC2)c3ncccc13)C4=NS(=O)(=O)c5ccccc5N4,93
CHEMBL211766,OC(=O)c1ccc2c(C3CCCCC3)c(cn2c1)c4ccccc4,94
CHEMBL201660,OC1=C(C2=NS(=O)(=O)c3ccccc3N2)C(=O)N(Cc4ccc(Br)cc4)c5ccccc15,95
CHEMBL379718,CC(C)CCN1C(=O)C(=C(O)c2cccnc12)C3=NS(=O)(=O)c4cc(NS(=O)(=O)NC(=O)OCCOCc5ccccc5)ccc4N3,96
CHEMBL365793,CN(C)C(=O)CN(C)C(=O)Cn1c(c2ccccc2)c(C3CCCCC3)c4ccc(cc14)C(=O)O,98
CHEMBL378546,Cc1ccc(cc1)c2ccc(Cl)cc2COc3ccc(cc3)c4nc5cc(ccc5n4C6CCCCC6)C(=O)O,98
CHEMBL387301,OC(=O)c1ccc2c(c1)nc(c3ccc(OCc4ccccc4c5ccccc5)cc3F)n2C6CCCCC6,100
CHEMBL362185,OC(=O)C(=O)\C=C(/O)\c1cccc(OCc2cc(Br)ccc2C#N)c1,100
CHEMBL198423,OC(=O)C(=O)\C=C(/O)\c1cc(O)cc(OCc2c(Cl)cccc2C#N)c1,100
CHEMBL192358,OC(=O)\C(=C\c1ccc(Oc2ccccc2Br)cc1)\NC(=O)C3CC4CCC3C4,100
CHEMBL211649,COc1ccc(cc1)c2ccc(Cl)cc2COc3ccc(cc3)c4nc5cc(ccc5n4C6CCCCC6)C(=O)O,100
CHEMBL381101,FC(F)(F)c1ccc(Cl)c(c1)c2oc(\C=C\3/SC(=S)N(NS(=O)(=O)c4ccccc4)C3=O)cc2,100
CHEMBL369000,CC(C)(Oc1ccc2[nH]cc(C[C@H](NC(=O)c3ccc4c(c3)nc(c5cocc5)n4C6CCCCC6)C(=O)O)c2c1)C(=O)O,100
CHEMBL188442,OC(=O)\C(=C\c1ccc(Oc2ccccc2Br)cc1)\NC(=O)c3ccccc3,100
CHEMBL381529,CC(C)CCN1C(=O)C(=C(O)c2c(Br)cccc12)C3=NS(=O)(=O)c4ccccc4N3,105
CHEMBL202164,OC1=C(C(=O)N(CCCC(F)(F)F)c2ccccc12)C3=NS(=O)(=O)c4ccccc4N3,106
CHEMBL212223,CC(C)CCN1C(=O)C(=C(O)c2cccnc12)C3=NS(=O)(=O)c4cc(NS(=O)(=O)NCCO)ccc4N3,107
CHEMBL382628,CC(C)CN1C(=O)C(=C(O)c2ccccc12)C3=NS(=O)(=O)c4ccccc4N3,108
CHEMBL196447,OC(=O)C(=O)\C=C(/O)\c1cc(O)ccc1OCCCC#N,110
CHEMBL190800,OC(=O)\C(=C\c1ccc(Oc2ccccc2Br)cc1)\NC(=O)c3ccc(Cl)cc3,110
CHEMBL366823,OC(=O)C(=O)\C=C(/O)\c1cccc(OCc2cccc(Cl)c2C#N)c1,110
CHEMBL368647,OC(=O)c1ccc2c(C3CCCCC3)c(c4ccccc4)n(CCN5CCOCC5)c2c1,111
CHEMBL202310,CCOC(=O)CNc1ccc2N(CCC(C)C)C(=O)C(=C(O)c2c1)C3=NS(=O)(=O)c4ccccc4N3,115
CHEMBL382997,CC(C)CCN1C(=O)C(=C(O)c2cccnc12)C3=NS(=O)(=O)c4cc(NS(=O)(=O)Nc5cccc(c5)C(=O)O)ccc4N3,115
CHEMBL202271,OC1=C(C(=O)N(CCC#C)c2ccccc12)C3=NS(=O)(=O)c4ccccc4N3,118
CHEMBL177073,CS(=O)(=O)Nc1ccc2[nH]cc(C[C@H](NC(=O)c3ccc4c(c3)nc(c5cocc5)n4C6CCCCC6)C(=O)O)c2c1,120
CHEMBL184072,COc1ccc2c(C(=O)NC(CCC(=O)O)C(=O)O)c(Br)ccc2c1C(F)(F)F,120
CHEMBL365105,OC(=O)\C(=C\c1ccc(Oc2ccccc2Br)cc1)\NC(=O)c3ccc(Br)cc3,120
CHEMBL448112,OC(=O)c1cc2c(C3CCCCC3)c([nH]c2s1)c4ccccc4,120
CHEMBL217213,Cn1c(c2ccc(OCc3ccccc3)cc2)c(C4CCCCC4)c5ccc(cc15)C(=O)O,120
CHEMBL217670,CC(=O)N1CCn2c(c3ccccc13)c(C4CCCCC4)c5ccc(cc25)C(=O)O,120
CHEMBL209006,CC(C)CCN1C(=O)C(=C(O)c2cccnc12)C3=NS(=O)(=O)c4cc(NS(=O)(=O)N(C)C(=O)OCc5ccccc5)ccc4N3,121
CHEMBL239863,COC(=O)c1ccccc1NS(=O)(=O)Nc2ccc3NC(=NS(=O)(=O)c3c2)C4=C(O)c5cccnc5N(CCC(C)C)C4=O,129
CHEMBL216044,COc1ccc(CCC2(CC(=O)C(=C(O)O2)Sc3ccc(O)cc3)C4CCCC4)cc1Cl,130
CHEMBL418899,C[C@@]1(O)[C@H](O)[C@@H](CO)O[C@H]1n2cnc3C(=O)NC(=Nc23)N,130
CHEMBL200405,CCCC1(CC(=O)O)OCCc2c1sc3c(C)cc(F)c(C#N)c23,130
CHEMBL380442,OC1=C(C(=O)N(CC2CCCC2)c3ccccc13)C4=NS(=O)(=O)c5ccccc5N4,132
CHEMBL396311,CCOC(=O)c1cccc(NS(=O)(=O)Nc2ccc3NC(=NS(=O)(=O)c3c2)C4=C(O)c5cccnc5N(CCC(C)C)C4=O)c1,132
CHEMBL370542,CN(C)C(=O)Cn1c(c2ccncc2)c(C3CCCCC3)c4ccc(cc14)C(=O)O,134
CHEMBL217580,COc1ccc(CCC2(CC(=O)C(=C(O)O2)Sc3nccn3C)C4CCCC4)cc1Cl,140
CHEMBL367430,OC(=O)[C@H](Cc1c[nH]c2ccc(O)cc12)NC(=O)c3ccc4c(c3)nc(c5ccccn5)n4C6CCCCC6,140
CHEMBL425286,OC(=O)c1ccc2c(C3CCCCC3)c4c5ccccc5OCn4c2c1,140
CHEMBL198349,CCCC1(CC(=O)O)OCCc2c1sc3c(Cl)ccc(Cl)c23,140
CHEMBL377504,OC(=O)c1nc(nc(O)c1O)c2sccc2NC(=O)OCc3cccc4ccccc34,140
CHEMBL385206,OC(=O)c1ccc2c(C3CCCCC3)c4c5ccccc5CCn4c2c1,140
CHEMBL198813,OC(=O)C(=O)\C=C(/O)\c1cccc(NS(=O)(=O)c2cc(Cl)cc(Cl)c2)c1,140
CHEMBL201604,CC(C)CCN1C(=O)C(=C(O)c2c1cccc2c3ccccc3)C4=NS(=O)(=O)c5ccccc5N4,144
CHEMBL205648,CC(C)CCN1[C@@H](C(C)C)C(=C(C1=O)C2=NS(=O)(=O)c3ccccc3N2)O,147
CHEMBL189725,CN(C)Cc1cccc(c1)c2c(C3CCCCC3)c4ccc(cc4n2CC(=O)N(C)C)C(=O)O,147
CHEMBL1789968,Cc1c(c2cocc2)n(C3CCCC3)c4cc(ccc14)C(=O)O,150
CHEMBL209796,OC(=O)c1ccc2c(C3CCCCC3)c([nH]c2n1)c4ccccc4,150
CHEMBL201341,C\C=C\CN1C(=O)C(=C(O)c2ccccc12)C3=NS(=O)(=O)c4ccccc4N3,150
CHEMBL378524,OC(=O)c1ccc2c(c1)nc(c3ccc(OCc4ncccc4c5ccc(Cl)cc5)cc3)n2C6CCCCC6,150
CHEMBL368852,OC(=O)[C@H](Cc1c[nH]c2ccc(NS(=O)(=O)C(F)(F)F)cc12)NC(=O)c3ccc4c(c3)nc(c5cocc5)n4C6CCCCC6,150
CHEMBL176924,Cn1cc(C[C@@H](NC(=O)c2ccc3c(c2)nc(c4cocc4)n3C5CCCCC5)C(=O)O)c6cc(O)ccc16,160
CHEMBL212583,Cc1nc(COc2ccc(cc2)c3nc4cc(ccc4n3C5CCCCC5)C(=O)O)c(s1)c6ccc(Cl)cc6,170
CHEMBL199954,CCC[C@]1(CC(=O)O)OCCc2c1sc3c(C)ccc(C#N)c23,170
CHEMBL201567,OC1=C(C(=O)N(CCCC#N)c2ccccc12)C3=NS(=O)(=O)c4ccccc4N3,172
CHEMBL203312,OC1=C(C(=O)N(CCCC#C)c2ccccc12)C3=NS(=O)(=O)c4ccccc4N3,179
CHEMBL189927,OC(=O)\C(=C\c1ccc(Oc2ccccc2Br)cc1)\NC(=O)c3ccccc3F,180
CHEMBL215089,Cc1c(c2ccccc2)n(C3CCCCC3)c4ccc(cc14)C(=O)O,180
CHEMBL209921,Cc1ncc(COc2ccc(cc2)c3nc4cc(ccc4n3C5CCCCC5)C(=O)O)c(n1)c6ccc(Cl)cc6,188
CHEMBL210541,CC(C)CCN1C(=O)C(=C(O)c2cccnc12)C3=NS(=O)(=O)c4cc(NS(=O)(=O)NC(=O)OCCCl)ccc4N3,189
CHEMBL201313,CCCC1(CC(=O)O)OCCc2c1sc3c(C)ccc(Br)c23,190
CHEMBL205990,OC(=O)c1nc(nc(O)c1O)c2sccc2NC(=O)OCc3c(Cl)cccc3Cl,190
CHEMBL202062,CC(C)CCN1C(=O)C(=C(O)c2cc(O)ccc12)C3=NS(=O)(=O)c4ccccc4N3,198
CHEMBL381033,C\C(=C/c1ccccc1)\C=C\2/SC(=S)N(NS(=O)(=O)c3ccccc3)C2=O,200
CHEMBL201501,Fc1cc(F)c(\C=C\2/SC(=S)N(NS(=O)(=O)c3ccccc3)C2=O)cc1F,200
CHEMBL440573,Brc1ccc(\C=C\2/SC(=S)N(NS(=O)(=O)c3ccccc3)C2=O)cc1Br,200
CHEMBL203729,OC(=O)c1nc(nc(O)c1O)c2sccc2NC(=O)Cc3c[nH]c4ccccc34,200
CHEMBL383596,CCOC(=O)c1c2CCC(C)Cc2sc1NC(=O)NS(=O)(=O)c3ccc(C)cc3,200
CHEMBL202580,Clc1ccc(\C=C\2/SC(=S)N(NS(=O)(=O)c3ccccc3)C2=O)cc1Cl,200
CHEMBL191977,OC(=O)\C(=C\c1ccc(Oc2ccccc2Br)cc1)\NC(=O)C3CCCCC3,200
CHEMBL212677,OC(=O)c1ccc2c(c1)nc(c3ccc(OCc4cc(Cl)ccc4c5ccccc5)cc3)n2C6CCCCC6,200
CHEMBL380788,OC1N(NS(=O)(=O)c2ccccc2F)C(=S)S/C/1=C\c3ccc(Cl)c(Cl)c3,200
CHEMBL194438,Cc1cccc(Cl)c1Oc2ccc(\C=C(/NC(=O)c3ccccc3)\C(=O)O)cc2,200
CHEMBL195476,OC(=O)\C(=C\c1ccc(Oc2ccccc2Cl)cc1)\NC(=O)c3ccccc3,200
CHEMBL201550,Clc1ccc(\C=C\2/SC(=S)N(NS(=O)(=O)c3cccs3)C2=O)cc1Cl,200
CHEMBL201119,CC(C)CCN1C(=O)C(=C(O)c2cc(Br)ccc12)C3=NS(=O)(=O)c4ccccc4N3,205
CHEMBL201603,CC(C)CCN1C(=O)C(=C(O)c2c(C)cccc12)C3=NS(=O)(=O)c4ccccc4N3,206
CHEMBL217807,OC(=O)c1ccc2c(C3CCCCC3)c4c5ccccc5Cn4c2c1,210
CHEMBL202911,OC(=O)c1nc(nc(O)c1O)c2sccc2NC(=O)Cc3ccccc3Cl,210
CHEMBL202804,OC(=O)c1nc(nc(O)c1O)c2sccc2NC(=O)NCc3csc4ccccc34,220
CHEMBL360266,OC1=C(C2=NS(=O)(=O)c3ccccc3N2)C(=O)N(NCc4cccnc4)c5ccccc15,221
CHEMBL370754,CN(C)C1CCN(CC1)C(=O)Cn2c(C#C)c(C3CCCCC3)c4ccc(cc24)C(=O)O,228
CHEMBL204663,OC(=O)c1nc(nc(O)c1O)c2sccc2NC(=O)Cc3csc4ccccc34,230
CHEMBL371821,OC(=O)\C(=C\c1ccc(Oc2ccccc2Br)cc1)\NC(=O)c3ccc(F)c(F)c3,230
CHEMBL215848,CN(C)C(=O)Cn1c(c2ccccc2)c(C3CCCCC3)c4cc(sc14)C(=O)O,230
CHEMBL177929,OC(=O)C(=O)\C=C(/O)\c1cccc(OCc2ccccc2C#N)c1,230
CHEMBL192821,OC(=O)\C(=C\c1ccc(Oc2ccccc2Br)cc1)\NC(=O)c3ccc(F)cc3F,230
CHEMBL202895,OC(=O)c1nc(nc(O)c1O)c2sccc2NC(=O)NCc3ccccc3,230
CHEMBL214031,OC(=O)c1ccc2c(C3CCCCC3)c([nH]c2c1)c4ccccn4,230
CHEMBL207911,OC(=O)[C@@H]1CSCN1S(=O)(=O)c2cc(Cl)cc(Cl)c2O,240
CHEMBL189319,CN(C)C1CNC(C1)C(=O)Cn2c(c3ccccc3)c(C4CCCCC4)c5cc(ccc25)C(=O)O,244
CHEMBL192831,Cc1ccc(cc1)C(=O)N\C(=C/c2ccc(Oc3ccccc3Br)cc2)\C(=O)O,250
CHEMBL210596,OC(=O)[C@@H]1CCCN1S(=O)(=O)c2cc(Cl)cc(Br)c2O,260
CHEMBL214781,COc1ccc(CCC2(CC(=O)C(=C(O)O2)Sc3nnnn3C)C4CCCC4)cc1Cl,280
CHEMBL205118,OC(=O)c1nc(nc(O)c1O)c2sccc2NC(=O)Cc3c([nH]c4ccccc34)c5ccccc5,280
CHEMBL191207,CCc1c(C2CCCCC2)c3ccc(cc3n1CC(=O)N4CCC(CC4)N(C)C)C(=O)O,283
CHEMBL381218,CC(=CCN1C(=O)C(=C(O)c2ccccc12)C3=NS(=O)(=O)c4ccccc4N3)C,289
CHEMBL214595,Cn1c(c2cocc2)c(C3CCCC3)c4ccc(C(=O)O)c(Cl)c14,290
CHEMBL209282,OC(=O)c1ccc2c(c1)nc(c3ccc(OCc4cc(Cl)ccc4c5cccnc5)cc3)n2C6CCCCC6,290
CHEMBL201815,CC(Br)CCN1C(=O)C(=C(O)c2ccccc12)C3=NS(=O)(=O)c4ccccc4N3,290
CHEMBL204321,OC(=O)c1nc(nc(O)c1O)c2sccc2NC(=O)OCc3ccccc3,290
CHEMBL377598,OC(=O)c1ccc2c(c1)nc(c3ccc(OCc4ccccc4c5ccccc5)cc3)n2C6CCCCC6,300
CHEMBL201873,Cc1nc(CN2C(=O)C(=C(O)c3ccccc23)C4=NS(=O)(=O)c5ccccc5N4)cs1,304
CHEMBL371573,Nc1cccc(Cl)c1Oc2ccc(\C=C(/NC(=O)c3ccccc3)\C(=O)O)cc2,310
CHEMBL202514,OC1=C(C2=NS(=O)(=O)c3ccccc3N2)C(=O)N(Cc4cccnc4)c5ccccc15,316
CHEMBL378758,CN(C)C(=O)Cn1c(c2ccccc2)c(C3CCCCC3)c4ccc(nc14)C(=O)O,320
CHEMBL201475,CCCC1(CC(=O)O)OCCc2c1sc3c(C)ccc(C#N)c23,320
CHEMBL363830,CN(C)C(=O)Cn1c(c2cccnc2)c(C3CCCCC3)c4ccc(cc14)C(=O)O,332
CHEMBL202315,CC(C)CCN1C(=O)C(=C(O)c2c1cccc2[N+](=O)[O-])C3=NS(=O)(=O)c4ccccc4N3,338
CHEMBL208507,OC(=O)c1ccc2c(c1)nc(c3ccc(OCCc4ccccc4c5ccccc5)cc3)n2C6CCCCC6,340
CHEMBL202513,CC(C)CCN1C(=O)C(=C(O)c2c(F)cccc12)C3=NS(=O)(=O)c4ccccc4N3,340
CHEMBL178087,OC(=O)c1ccc2c(c1)cc(c3ccc(O)cc3)n2C4CCCCC4,340
CHEMBL384028,COc1c(ccc2c(C3CCCC3)c(c4cocc4)n(C)c12)C(=O)O,340
CHEMBL175171,OC(=O)C(=O)CC(=O)c1ccccc1OCCCC#N,350
CHEMBL379796,OC(=O)c1ccc2c(c1)nc(c3ccc(OCc4ccccc4c5ccccc5)cc3Cl)n2C6CCCCC6,350
CHEMBL202539,OC1=C(C(=O)N(CC2CCCCC2)c3ccccc13)C4=NS(=O)(=O)c5ccccc5N4,367
CHEMBL426277,OC(=O)\C(=C\c1ccc(Oc2ccccc2Br)cc1)\NC(=O)CCc3ccc(cc3)C(F)(F)F,370
CHEMBL369552,CN(C)C(=O)Cn1c(c2ccccc2Cl)c(C3CCCCC3)c4ccc(cc14)C(=O)O,372
CHEMBL196154,OC(=O)C(=O)\C=C(/O)\c1ccccc1OCCCC#N,380
CHEMBL377907,OC(=O)c1ccc2c(c1)nc(c3ccc(OCc4ccccc4c5ccccc5)c(F)c3)n2C6CCCCC6,380
CHEMBL380462,OC(=O)c1nc(nc(O)c1O)c2sccc2NC(=O)Cc3ccccc3,380
CHEMBL205337,OC(=O)c1ccc2c(c1)nc(c3ccc(OCc4cccc(c4)c5ccccc5)cc3)n2C6CCCCC6,390
CHEMBL369397,COc1ccc2[nH]cc(C[C@H](NC(=O)c3ccc4c(c3)nc(c5cocc5)n4C6CCCCC6)C(=O)O)c2c1,400
CHEMBL174225,OC(=O)[C@H](Cc1ccc(O)cc1)NC(=O)c2ccc3c(c2)nc(c4cocc4)n3C5CCCCC5,400
CHEMBL353549,OC(=O)[C@H](Cc1c[nH]c2ccccc12)NC(=O)c3ccc4c(c3)nc(c5cocc5)n4C6CCCCC6,400
CHEMBL177283,COc1ccc(cc1OC)[C@H](NC(=O)c2ccc3c(c2)nc(c4cocc4)n3C5CCCCC5)C(=O)O,400
CHEMBL181634,CC(C)C[C@]1(C[C@@H]([C@@H](N1C(=O)c2ccc(cc2)C(F)(F)F)c3nccs3)C(=O)O)C(=O)O,400
CHEMBL195832,OC(=O)c1ccccc1NC(=O)\C(=C\c2ccc(Oc3ccccc3Br)cc2)\NC(=O)c4ccccc4,400
CHEMBL193241,CN1CCN(CC1)C(=O)Cn2c(c3ccccc3)c(C4CCCCC4)c5cc(ccc25)C(=O)O,448
CHEMBL378164,CC(C)CCN1C(=O)C(=C(O)c2cc(ccc12)[N+](=O)[O-])C3=NS(=O)(=O)c4ccccc4N3,455
CHEMBL379881,OC(=O)c1nc(nc(O)c1O)c2sccc2NC(=O)OCCc3ccccc3,460
CHEMBL368163,Cc1[nH]c2ccc(O)cc2c1C[C@H](NC(=O)c3ccc4c(c3)nc(c5cocc5)n4C6CCCCC6)C(=O)O,460
CHEMBL213819,COC(=O)c1c(ccc2c(C3CCCC3)c(c4cocc4)n(C)c12)C(=O)O,480
CHEMBL378284,OC(=O)c1ccc2c(c1)nc(c3ccc(OCc4cc(Cl)ccc4c5cccc(Cl)c5)cc3)n2C6CCCCC6,480
CHEMBL381310,OC1=C(C(=O)N(CC2CCOC2)c3ccccc13)C4=NS(=O)(=O)c5ccccc5N4,484
CHEMBL179318,OC(=O)c1ccc2c(C3CCCCC3)c(c4ccccc4)n(c2c1)S(=O)(=O)c5ccccc5,485
CHEMBL203783,CC(C)(C)CCN1[C@@H](C2CCCCC2)C(=C(C1=O)C3=NS(=O)(=O)c4ccccc4N3)O,486
CHEMBL184500,COc1ccc2c(cccc2c1C(F)(F)F)C(=O)NC(CCC(=O)O)C(=O)O,490
CHEMBL199678,CCOC(=O)c1c2CC(C)CCc2sc1NC(=O)NS(=O)(=O)c3ccc(C)cc3,500
CHEMBL182020,Oc1ncnc2nc(c3ccc(F)cc3)c(nc12)c4ccc(F)cc4,500
CHEMBL194554,NC(=O)\C(=C\c1ccc(Oc2ccccc2Br)cc1)\NC(=O)c3ccccc3,500
CHEMBL372998,OC1N(NS(=O)(=O)c2ccc(Cl)cc2)C(=S)S/C/1=C\c3ccc(Cl)c(Cl)c3,500
CHEMBL360456,CC(C)C[C@]1(C[C@@H]([C@H](C(C)C)N1C(=O)c2ccc(cc2)C(F)(F)F)C(=O)O)C(=O)O,500
CHEMBL195549,OC(=O)\C(=C\c1ccc(Oc2ccccc2Br)cc1)\NC(=O)CCc3ccc(Cl)cc3,500
CHEMBL201140,OC1=C(C(=O)N(CC2CCCO2)c3ccccc13)C4=NS(=O)(=O)c5ccccc5N4,528
CHEMBL383501,CC(C)(C)[C@@H]1N(CCC2CC2)C(=O)C(=C1O)C3=NS(=O)(=O)c4ccccc4N3,530
CHEMBL214171,CC(C)Oc1ccc(CCC2(CC(=O)CC(=O)O2)C3CCCC3)cc1F,530
CHEMBL202581,CC(C)CCN1C(=O)C(=C(O)c2ccc(F)cc12)C3=NS(=O)(=O)c4ccccc4N3,554
CHEMBL427410,COc1ccc(CCC2(CC(=O)C(=C(O)O2)Sc3ccccc3)C4CCCC4)cc1Cl,560
CHEMBL378114,Oc1c(Cl)cc(Cl)cc1S(=O)(=O)N2CCC[C@H]2c3nn[nH]n3,560
CHEMBL206865,CCCC1(CC(=O)O)OCCc2c1[nH]c3c(C)ccc(C#N)c23,570
CHEMBL379241,OC(=O)c1ccc2c(c1)nc(c3ccc(Oc4ccccc4c5ccccc5)cc3)n2C6CCCCC6,580
CHEMBL380869,OC(=O)c1nc(nc(O)c1O)c2sccc2NC(=O)Nc3ccccc3,580
CHEMBL373305,Cc1ccccc1Oc2ccc(\C=C(/NC(=O)c3ccccc3)\C(=O)O)cc2,580
CHEMBL203383,OC(=O)c1nc(nc(O)c1O)c2sccc2NC(=O)CCc3ccccc3,580
CHEMBL208843,Cc1oc(c(COc2ccc(cc2)c3nc4cc(ccc4n3C5CCCCC5)C(=O)O)n1)c6ccc(Cl)cc6,580
CHEMBL425352,COc1ccc2c(cccc2c1Br)C(=O)NC(CCC(=O)O)C(=O)O,590
CHEMBL179389,CC(C)C[C@]1(C[C@@H]([C@@H](N1C(=O)c2ccc(Cl)c(Cl)c2)c3cccs3)C(=O)O)C(=O)O,600
CHEMBL180099,CC(C)C[C@]1(C[C@@H]([C@@H](N1C(=O)c2cccc(c2)C(F)(F)F)c3cccs3)C(=O)O)C(=O)O,600
CHEMBL73502,NC1=Nc2c(ncn2[C@@H]3O[C@H](CO)C[C@H]3O)C(=O)N1,600
CHEMBL195802,OC(=O)\C(=C\c1ccc(Oc2ccccc2Br)cc1)\NC(=O)CCc3ccc(F)cc3,600
CHEMBL202498,Cc1ccc(cc1)S(=O)(=O)NN2C(O)\C(=C\c3ccc(Cl)c(Cl)c3)\SC2=S,600
CHEMBL201236,C\C(=C/1\SC(=S)N(NS(=O)(=O)c2ccccc2)C1=O)\c3ccc(Cl)c(Cl)c3,600
CHEMBL379470,OC(=O)c1nc(nc(O)c1O)c2sccc2NC(=O)NCCc3ccccc3,620
CHEMBL363563,OC(=O)\C(=C\c1ccc(s1)c2ccccc2Cl)\NC(=O)c3ccccc3,660
CHEMBL369909,OC(=O)C(=O)\C=C(/O)\c1cccc(OCc2cccc3ccccc23)c1,670
CHEMBL439511,CC(C)(C)C(=O)CN1C(=O)C(=C(O)c2cc(F)ccc12)C3=NS(=O)(=O)c4ccccc4N3,696
CHEMBL200965,Brc1ccc(\C=C\2/SC(=S)N(NS(=O)(=O)c3ccccc3)C2=O)cc1,700
CHEMBL382093,CCOC(=O)c1c2CCCCc2sc1NC(=O)NS(=O)(=O)c3cccc4ccccc34,700
CHEMBL23458,OC(=O)[C@H](Cc1ccccc1)N(Cc2cccc(c2)[N+](=O)[O-])C(=O)c3ccc(Cl)cc3Cl,700
CHEMBL371696,CCOC(=O)c1c2CCCCc2sc1NC(=O)NS(=O)(=O)c3ccccc3,700
CHEMBL367243,OC(=O)[C@@H](Cc1c[nH]c2ccc(O)cc12)NC(=O)c3ccc4c(c3)nc(c5cocc5)n4C6CCCCC6,700
CHEMBL360543,CC(C)C[C@]1(C[C@@H]([C@@H](N1C(=O)c2ccc(cc2)C(F)(F)F)c3ccccn3)C(=O)O)C(=O)O,700
CHEMBL264217,OC1N(NS(=O)(=O)c2ccc(F)cc2)C(=S)S/C/1=C\c3ccc(Cl)c(Cl)c3,700
CHEMBL180771,CC(C)C[C@]1(C[C@@H]([C@@H](N1C(=O)c2cccc3ccccc23)c4cccs4)C(=O)O)C(=O)O,700
CHEMBL180188,CC(C)C[C@]1(C[C@@H]([C@@H](N1C(=O)c2ccc(cc2)C(F)(F)F)c3ccccc3)C(=O)O)C(=O)O,700
CHEMBL202934,CCCCS(=O)(=O)NN1C(=S)S\C(=C/c2ccc(Cl)c(Cl)c2)\C1=O,700
CHEMBL201681,CCCCC1(CC(=O)O)OCCc2c1sc3c(Cl)ccc(Cl)c23,750
CHEMBL427375,OC1=C(C(=O)N(CCCCC#N)c2ccccc12)C3=NS(=O)(=O)c4ccccc4N3,750
CHEMBL207979,OC(=O)[C@@H]1CCCN1S(=O)(=O)c2cc(Cl)cc(Cl)c2O,770
CHEMBL202191,OC1=C(C2=NS(=O)(=O)c3ccccc3N2)C(=O)N(Cc4ccccc4C#N)c5ccccc15,780
CHEMBL365977,OC(=O)CCC(=O)N\C(=C/c1ccc(Oc2ccccc2I)cc1)\C(=O)O,790
CHEMBL212390,CCOc1ccc(CCC2(CC(=O)CC(=O)O2)C3CCCC3)cc1F,790
CHEMBL179508,CC(C)C[C@]1(C[C@@H]([C@@H](N1C(=O)c2ccc(cc2)C(F)(F)F)c3occc3)C(=O)O)C(=O)O,800
CHEMBL25773,OC(=O)[C@H](Cc1ccccc1)N(Cc2cccc(c2)C#N)C(=O)c3ccc(Cl)cc3Cl,800
CHEMBL383513,OC(=O)c1ccc2c(c1)nc(c3ccc(OCCCc4ccccc4)cc3)n2C5CCCCC5,800
CHEMBL202032,COc1cccc(c1)S(=O)(=O)NN2C(O)\C(=C\c3ccc(Cl)c(Cl)c3)\SC2=S,800
CHEMBL195149,CONC(=O)\C(=C\c1ccc(Oc2ccccc2Br)cc1)\NC(=O)c3ccccc3,800
CHEMBL206569,OC(=O)c1nc(nc(O)c1O)c2sccc2NC(=O)c3ccccc3,800
CHEMBL202079,COCCN1C(=O)C(=C(O)c2ccccc12)C3=NS(=O)(=O)c4ccccc4N3,819
CHEMBL426088,OC(=O)\C(=C\c1ccc(Oc2ccccc2Br)cc1)\NC(=O)Cc3ccc(Br)cc3,820
CHEMBL387310,Cc1c(c2ccccn2)n(C3CCCCC3)c4ccc(cc14)C(=O)O,820
CHEMBL194448,OC(=O)CCCC(=O)N\C(=C/c1ccc(Oc2ccccc2I)cc1)\C(=O)O,830
CHEMBL193835,OC(=O)\C(=C\c1ccc(Oc2ccccc2Br)cc1)\NC(=O)CC3CCCC3,850
CHEMBL215736,COc1ccc(CCC2(CC(=O)CC(=O)O2)C3CCCC3)cc1F,890
CHEMBL202264,O=C1N(NS(=O)(=O)c2ccccc2)C(=S)S/C/1=C\c3ccc(cc3)C#N,900
CHEMBL183364,COc1ccc2c(cccc2c1C(F)(F)F)C(=O)N(CC(=O)O)CC(=O)O,900
CHEMBL413358,CC(C)C[C@]1(C[C@@H]([C@@H](N1C(=O)c2ccc(cc2)C(F)(F)F)c3ccc(Cl)cc3)C(=O)O)C(=O)O,900
CHEMBL369958,CCOC(=O)c1c2CCCCc2sc1NC(=O)NS(=O)(=O)c3cccc(C)c3,900
CHEMBL382327,CCOC(=O)c1c2CCCCc2sc1NC(=O)NS(=O)(=O)c3ccccc3C,900
CHEMBL361657,COc1ccc2c(C(=O)NC(CC(=O)O)C(=O)O)c(Br)ccc2c1C(F)(F)F,910
CHEMBL363846,CN(C)Cc1ccc(cc1)c2c(C3CCCCC3)c4ccc(cc4n2CC(=O)N(C)C)C(=O)O,920
CHEMBL384679,OC(=O)c1ccc2c(c1)nc(c3ccc(OCc4ccccc4c5ccccc5)cc3C(F)(F)F)n2C6CCCCC6,930
CHEMBL427171,OC(=O)\C(=C\c1ccc(Oc2ccccc2Br)cc1)\NC(=O)Cc3ccc(Cl)cc3,940
CHEMBL372359,OC(=O)C(=O)\C=C(/O)\c1cccc(OCc2ccsc2C(=O)O)c1,950
CHEMBL439333,CC(C)CCN1C(=O)C(=C(O)c2cc(NC(=O)C3CCCC3)ccc12)C4=NS(=O)(=O)c5ccccc5N4,973
CHEMBL206624,OC(=O)c1ccc2c(c1)nc(c3ccc(OCC(c4ccccc4)c5ccccc5)cc3)n2C6CCCCC6,980
CHEMBL26052,OC(=O)[C@H](Cc1ccccc1)N(Cc2cccc(Br)c2)C(=O)c3ccc(Cl)cc3,11000
CHEMBL425915,OC(=O)\C(=C\c1cccc(n1)c2ccccc2Cl)\NC(=O)c3ccccc3,11000
CHEMBL381166,Cc1ccc(C#N)c2c3CCC(CC=C)(C(=O)O)c3[nH]c12,11000
CHEMBL283833,OC(=O)[C@H](Cc1ccccc1)N(Cc2cccnc2)C(=O)c3ccc(Cl)cc3Cl,11000
CHEMBL366966,OC(=O)C(=O)CC(=O)c1cccc(NC(=O)c2ccccc2)c1,11000
CHEMBL372777,Clc1ccc(CC2SC(=S)N(NS(=O)(=O)c3ccccc3)C2=O)cc1Cl,11000
CHEMBL213078,COc1ccc(cc1)c2nc3cc(ccc3n2C4CCCCC4)C(=O)O,11200
CHEMBL83762,COC(=O)N(CC(=O)O)C(=O)c1c(OC)ccc2c(c(OC)ccc12)C(F)(F)F,11300
CHEMBL361428,CC(C)C[C@]1(C[C@@H]([C@@H](N1C(=O)c2ccccc2)c3cccs3)C(=O)O)C(=O)O,11400
CHEMBL203738,OC(=O)c1nc(nc(O)c1O)c2cc3ccccc3s2,11600
CHEMBL193596,Oc1ccc(NC(=O)\C(=C\c2ccc(Oc3ccccc3Br)cc2)\NC(=O)c4ccccc4)cc1,12000
CHEMBL370131,Cc1cccc(c1)\C(=C\C(=O)C(=O)O)\O,12000
CHEMBL173638,COc1ccc(cc1OC)[C@H](C)NC(=O)c2ccc3c(c2)nc(c4ccccn4)n3C5CCCCC5,12000
CHEMBL371388,OC(=O)\C(=C\c1oc(cc1)c2ccc(F)cc2)\NC(=O)c3ccccc3,12000
CHEMBL180457,OC(=O)[C@H]1C[C@H](N(C1)C(=O)c2ccc(Cl)c(Cl)c2)C(=O)O,12000
CHEMBL178076,COc1ccc(CCNC(=O)c2ccc3c(c2)nc(c4ccccn4)n3C5CCCCC5)cc1OC,12000
CHEMBL368626,OC(=O)c1ccc2c(c1)nc(c3ccccn3)n2C4CCCC4,12000
CHEMBL177302,CN(C)CCCNC(=O)COc1ccc(cc1)c2nc3cc(ccc3n2C4CCCCC4)C(=O)O,13000
CHEMBL183402,Fc1ccc(cc1)c2nc3ncnc(NCCc4ccccc4)c3nc2c5ccc(F)cc5,13000
CHEMBL425017,OC(=O)\C(=C\c1oc(cc1)c2ccc(cc2)C(F)(F)F)\NC(=O)c3ccccc3,13000
CHEMBL194466,OC(=O)C(=O)\C=C(/O)\c1cccn1Cc2ccc3ccccc3c2,13000
CHEMBL370124,OC(=O)C(=O)\C=C(/O)\c1cccn1CCCCC#N,13000
CHEMBL199195,OC(=O)C(=O)\C=C(/O)\c1cccn1Cc2ccc(O)cc2,13000
CHEMBL181724,OC(=O)c1cnc(s1)N(C2CCSCC2)C(=O)c3ccc(Oc4ccccc4)cc3,13000
CHEMBL371601,OC(=O)\C(=C\c1ccc(Oc2ccccc2Br)cc1)\NC(=O)CCC3CCCCC3,13000
CHEMBL174542,CC1CCCCC1n2c(nc3cc(ccc23)C(=O)O)c4ccccn4,13000
CHEMBL180404,CCC(CC)N1C(=O)C(=C(O)c2cccnc12)C3=NS(=O)(=O)c4ccccc4N3,13200
CHEMBL206290,OC(=O)c1nc(nc(O)c1O)c2cc(NC(=O)c3cccs3)cs2,13800
CHEMBL384794,OC(=O)c1cc2c(nc(c3ccccc3)n2C4CCCCC4)s1,13800
CHEMBL264034,COc1ccc(CCNC(=O)c2ccc3c(c2)nc(c4ccc(OCC(=O)NCCCN(C)C)cc4)n3C5CCCCC5)cc1OC,14000
CHEMBL424014,Cc1cc(c(C)cc1Cl)S(=O)(=O)Nc2cc(sc2C(=O)N)c3ccccc3,14000
CHEMBL192112,Nc1ccc(Oc2ccc(\C=C(/NC(=O)CCC3CCCC3)\C(=O)O)cc2)c(c1)C(F)(F)F,14000
CHEMBL197897,Cc1oc(C)c(c1)\C(=C\C(=O)C(=O)O)\O,14000
CHEMBL383278,OC(=O)C1(CC=C)CCc2c1[nH]c3c(F)ccc(C#N)c23,14500
CHEMBL192409,OC(=O)\C(=C\c1ccc(Oc2ccc(F)cc2Br)cc1)\NC(=O)CCC3CCCC3,15000
CHEMBL195300,Oc1ccccc1NC(=O)\C(=C\c2ccc(Oc3ccccc3Br)cc2)\NC(=O)c4ccccc4,15000
CHEMBL191813,COc1ccccc1Oc2ccc(\C=C(/NC(=O)c3ccccc3)\C(=O)O)cc2,15000
CHEMBL208024,CCCC1(CCCc2c1[nH]c3c(C)ccc(C#N)c23)C(=O)O,15000
CHEMBL187480,OC(=O)c1sc(cc1NS(=O)(=O)c2ccc(cn2)C(F)(F)F)c3ccccc3,15000
CHEMBL182786,Oc1ncnc2nc(c3ccccc3)c(nc12)c4ccccc4,15000
CHEMBL197761,O=C1N(NS(=O)(=O)c2ccccc2)C(=S)S/C/1=C\c3ccc4OCOc4c3,15000
CHEMBL197649,O=C1N(NS(=O)(=O)c2ccccc2)C(=S)S/C/1=C\c3cccnc3,15000
CHEMBL181754,OC(=O)c1cnc(s1)N(C2CCCCC2)C(=O)c3ccc(OCc4ccccn4)cc3,15000
CHEMBL280721,OC(=O)[C@H](Cc1ccccc1)N(Cc2cccc(Br)c2)C(=O)c3ccccc3Cl,15000
CHEMBL84152,COC(=O)N(CC(=O)O)C(=O)c1c(F)ccc2c(c(OC)ccc12)C(F)(F)F,15200
CHEMBL198366,COc1ccc(Cn2cccc2\C=C\C(=C\C(=O)C(=O)O)\O)cc1,16000
CHEMBL198879,Cn1cc(cc1\C=C\C(=C\C(=O)C(=O)O)\O)C(=O)c2ccc(F)cc2,16000
CHEMBL206052,OC(=O)c1nc(nc(O)c1O)c2ccc(s2)[N+](=O)[O-],16000
CHEMBL175533,OC(=O)C(=O)CC(=O)c1cccc(NS(=O)(=O)c2ccccc2)c1,16000
CHEMBL202068,NN1C(=S)S\C(=C/c2ccc(Cl)cc2)\C1=O,16000
CHEMBL183179,CCNc1ncnc2nc(c3ccccc3)c(nc12)c4ccccc4,16000
CHEMBL200356,CCC1(CC(=O)O)OCCc2c1oc3c(Cl)ccc(Cl)c23,16300
CHEMBL367740,OC(=O)C(=O)CC(=O)c1cccc(NCc2ccccc2)c1,16700
CHEMBL371719,OC(=O)C(=O)\C=C(/O)\c1cccc(NCc2ccccc2)c1,17000
CHEMBL174836,OC(=O)c1ccc2c(c1)nc(c3ccncc3)n2C4CCCCC4,17000
CHEMBL195772,OC(=O)\C(=C\c1ccc(Oc2ccccc2)cc1)\NC(=O)c3ccccc3,17000
CHEMBL378495,OC(=O)c1cc2nc(c3ccccc3)n(C4CCCCC4)c2s1,17200
CHEMBL200963,CC1(CC(=O)O)OCCc2c1sc3c(Cl)ccc(Cl)c23,17600
CHEMBL197626,O\C(=C/C(=O)C(=O)O)\C=C\c1cccn1Cc2cccc(F)c2,18000
CHEMBL109516,OC(=O)C1=CC(=O)C(=C(O1)C(=O)O)O,18000
CHEMBL372525,O\C(=C/C(=O)C(=O)O)\C=C\c1c[nH]c2ccc(Cl)cc12,18000
CHEMBL360224,CC(C)C[C@]1(C[C@@H]([C@H](N1C(=O)c2ccc(cc2)C(F)(F)F)c3cccs3)C(=O)O)C(=O)O,18000
CHEMBL199153,OC(=O)C(=O)\C=C(/O)\c1ccsc1Cc2ccc(F)cc2,18000
CHEMBL436119,Cc1ccccc1Cn2cccc2\C=C\C(=C\C(=O)C(=O)O)\O,18000
CHEMBL262732,OC(=O)C(=O)\C=C(/O)\c1cc(I)cn1Cc2ccc(F)cc2,18000
CHEMBL194519,OC(=O)C(=O)\C=C(/O)\c1cccc(Oc2ccccc2)c1,19000
CHEMBL173718,CC(=Cc1nc2cc(ccc2n1C3CCCCC3)C(=O)O)C,19000
CHEMBL194300,OC(=O)C(=O)Nc1cccc(c1)\C(=C\C(=O)C(=O)O)\O,19000
CHEMBL364668,OCc1ccccc1c2ccc(\C=C(/NC(=O)c3ccccc3)\C(=O)O)s2,20000
CHEMBL195243,COc1ccccc1c2oc(\C=C(/NC(=O)c3ccccc3)\C(=O)O)cc2,20000
CHEMBL353546,OC(=O)c1ccc2c(c1)nc(C3CCCCC3)n2C4CCCCC4,20000
CHEMBL2021379,Nc1nc(O)c2ncn([C@@H]3O[C@H](CO)[C@H](O)[C@H]3O)c2n1,20000
CHEMBL360050,CC(C)CON1C(=O)C(=C(O)c2cccnc12)C3=NS(=O)(=O)c4ccccc4N3,20500
CHEMBL361368,CN(C)c1ncnc2nc(c3ccc(F)cc3)c(nc12)c4ccc(F)cc4,21000
CHEMBL194572,Cn1cc(cc1Cc2cccc(F)c2)\C(=C\C(=O)C(=O)O)\O,21000
CHEMBL305686,Nc1ncnc2c1ncn2[C@@H]3O[C@H](CO)C[C@H]3O,22000
CHEMBL193525,OC(=O)\C(=C\c1oc(cc1)c2ccc(OC(F)(F)F)cc2)\NC(=O)c3ccccc3,22000
CHEMBL66064,[O-][N+](=O)c1ccc(\C=C\2/SC(=S)NC2=O)cc1,22000
CHEMBL362625,Oc1ncnc2nc(c3ccccc3)c(nc12)c4ccc(cc4)[N+](=O)[O-],23000
CHEMBL213307,Cc1cccc(CCC2(CC(=O)CC(=O)O2)C3CCCC3)c1,23000
CHEMBL372984,OC(=O)C(=O)\C=C(/O)\c1cccn1Cc2ccccc2Cl,24000
CHEMBL321642,CCNC(=O)C1=CC(=O)C(=C(O1)C(=O)O)O,24000
CHEMBL426948,CCCCCOc1ccccc1C(=O)CC(=O)C(=O)O,25000
CHEMBL364460,OC(=O)\C(=C\c1oc(cc1)c2cccc(c2)[N+](=O)[O-])\NC(=O)c3ccccc3,25000
CHEMBL185682,OC(=O)c1sc(cc1NS(=O)(=O)c2ccccn2)c3ccccc3,25000
CHEMBL425754,Cc1cccc(\C=C\2/SC(=S)N(NS(=O)(=O)c3ccccc3)C2=O)c1,25000
CHEMBL180546,Fc1ccc(CCNc2ncnc3nc(c4ccc(F)cc4)c(nc23)c5ccc(F)cc5)cc1,26000
CHEMBL197118,OC(=O)C(=O)\C=C(/O)\c1cnc2cc(Cl)ccc2c1O,26000
CHEMBL194131,CSc1ccc(cc1)c2oc(\C=C(/NC(=O)c3ccccc3)\C(=O)O)cc2,27000
CHEMBL198878,OC(=O)C(=O)\C=C(/O)\c1cc2COc3ccc(F)cc3c2s1,27000
CHEMBL202133,OC1C(Cc2ccc(Cl)c(Cl)c2)SC(=S)N1NS(=O)(=O)c3ccccc3,27000
CHEMBL175174,NC(=O)c1ccc2c(c1)nc(c3ccccn3)n2C4CCCCC4,27000
CHEMBL72928,Nc1ncnc2c1ncn2[C@@H]3O[C@H](CO)[C@@H](F)[C@H]3O,28000
CHEMBL197721,OC(=O)C(=O)\C=C(/O)\c1cccc(c1)c2ccccc2,28000
CHEMBL446444,Cc1ccc(Cn2cccc2\C=C\C(=C\C(=O)C(=O)O)\O)cc1,28000
CHEMBL174838,OC(=O)c1ccc2c(c1)nc(c3cccnc3)n2C4CCCCC4,28000
CHEMBL193480,CC(C)c1ccccc1Oc2ccc(\C=C(/NC(=O)c3ccccc3)\C(=O)O)cc2,28000
CHEMBL175173,CNC(=O)c1ccc2c(c1)nc(c3ccccn3)n2C4CCCCC4,28000
CHEMBL371867,OC(=O)C(=O)\C=C(/O)\c1cccn1Cc2ccccc2,29000
CHEMBL361600,C1CCCC(CC1)Nc2ncnc3nc(c4ccccc4)c(nc23)c5ccccc5,29000
CHEMBL206047,CCCC1(CC(=O)O)CCCc2c1[nH]c3cc(F)cc(F)c23,30000
CHEMBL202494,CN1C(=S)S\C(=C/c2ccc(cc2)[N+](=O)[O-])\C1=O,30000
CHEMBL175095,OC(=O)C(=O)CC(=O)c1cccc(COc2ccccc2)c1,30000
CHEMBL181908,Oc1ncnc2nc(c3ccc(cc3)[N+](=O)[O-])c(nc12)c4ccccc4,30000
CHEMBL188277,COC(=O)c1nc(nc(O)c1O)c2ccc(Cl)cc2,30000
CHEMBL201533,O=C1N(NS(=O)(=O)c2ccccc2)C(=S)S/C/1=C\c3ccccc3,30000
CHEMBL199200,OC(=O)C(=O)\C=C(/O)\c1cccn1Cc2cccc(F)c2,30000
CHEMBL380801,OC(=O)C(=O)\C=C(/O)\c1cccc(Cc2cc(Br)cc(Br)c2)c1,32000
CHEMBL324883,CC(C)(C)OC(=O)C1=CC(=O)C(=C(O1)C(=O)O)O,36000
CHEMBL196211,COc1cccc(c1)\C(=C\C(=O)C(=O)O)\O,40000
CHEMBL199198,OC(=O)C(=O)\C=C(/O)\c1oc(cc1)c2ccc(F)c(Cl)c2,41000
CHEMBL199199,OC(=O)C(=O)\C=C(/O)\c1ccccc1OCc2ccccc2,44000
CHEMBL368481,OC(=O)C(=O)CC(=O)c1ccccc1OCc2ccccc2,44000
CHEMBL195087,CC(C)Oc1ccccc1Oc2ccc(\C=C(/NC(=O)c3ccccc3)\C(=O)O)cc2,44000
CHEMBL174053,OC(=O)c1ccc2c(c1)nc(C(=O)c3ccccc3)n2C4CCCCC4,44000
CHEMBL306299,C[C@@]1(O)[C@H](O)[C@@H](CO)O[C@H]1n2cnc3cnc(N)nc23,46000
CHEMBL73237,CO[C@@H]1[C@H](O)[C@@H](CO)O[C@H]1n2cnc3c(N)ncnc23,47000
CHEMBL174646,CCc1ccc(cc1)C(=O)CC(=O)C(=O)O,47000
CHEMBL195492,OC(=O)\C(=C\c1ccc(Oc2ccccc2C#N)cc1)\NC(=O)c3ccccc3,47000
CHEMBL198098,Cc1occ(C)c1\C(=C\C(=O)C(=O)O)\O,48000
CHEMBL193508,OC(=O)\C(=C\c1ccc(Oc2ccccc2c3ccccc3)cc1)\NC(=O)c4ccccc4,48000
CHEMBL214680,O=C1CC(=O)OC(CCc2ccccc2)(C1)C3CCCC3,48000
CHEMBL407691,Cc1ccc(s1)c2nc(O)c(O)c(n2)C(=O)O,48600
CHEMBL177588,OC(=O)c1ccc2c(c1)nc(c3ccccn3)n2C4CCCCCC4,49000
CHEMBL181491,CS(=O)(=O)c1nc(nc(C(=O)O)c1O)c2cccs2,49000
CHEMBL382966,OC(=O)C(=O)\C=C(/O)\c1cccc(OCc2ccc(cc2)c3ccccc3)c1,50000
CHEMBL194678,OC(=O)C(=O)\C=C(/O)\c1cccc(OCc2cccc(Oc3ccccc3)c2)c1,50000
CHEMBL359910,OC1=C(C(=O)N(C2CCCCC2)c3ncccc13)C4=NS(=O)(=O)c5ccccc5N4,50000
CHEMBL1090,Nc1ncnc2c1ncn2[C@@H]3O[C@H](CO)[C@@H](O)[C@@H]3O,50000
CHEMBL199039,OC(=O)C(=O)\C=C(/O)\c1occc1,50000
CHEMBL183018,COc1nc(nc(C(=O)O)c1O)c2cccs2,50000
CHEMBL177835,CC1CCC(CC1)n2c(nc3cc(ccc23)C(=O)O)c4ccccn4,50000
CHEMBL180951,COC(=O)C1CCCN1Nc2ncnc3nc(c4ccc(F)cc4)c(nc23)c5ccc(F)cc5,51000
CHEMBL109448,OC(=O)C1=C(O)C(=O)C=CO1,51000
CHEMBL215001,Oc1ccc(CCC2(CC(=O)CC(=O)O2)C3CCCCC3)cc1,52000
CHEMBL276969,OC(=O)CN(Cc1cccc(Br)c1)C(=O)c2ccc(Cl)cc2Cl,53000
CHEMBL180689,Oc1ncnc2nc(c3occc3)c(nc12)c4cocc4,58000
CHEMBL194900,Cc1oc(cc1)\C(=C\C(=O)C(=O)O)\O,58000
CHEMBL176038,OC(=O)c1ccc2c(c1)nc(c3oc4ccccc4c3)n2C5CCCCC5,58000
CHEMBL360256,OC1=C(C2=NS(=O)(=O)c3ccccc3N2)C(=O)N(OCc4ccccc4)c5ncccc15,58000
CHEMBL177701,CCOC(=O)c1nc2cc(ccc2n1C3CCCCC3)C(=O)O,62000
CHEMBL194460,OC(=O)C(=O)\C=C(/O)\c1ccc(Cc2ccc(F)cc2)s1,65000
CHEMBL363178,OC(=O)\C(=C\c1oc(cc1)c2cccc(OC(F)(F)F)c2)\NC(=O)c3ccccc3,66000
CHEMBL181773,Fc1ccc(cc1)c2nc3ncnc(N4CCCCC4)c3nc2c5ccc(F)cc5,68000
CHEMBL196421,OC(=O)C(=O)\C=C(/O)\c1ccc(Cc2ccccc2)s1,68000
CHEMBL206511,OC(=O)C1=C(O)C(=O)N(CC=C)C(=N1)c2sccc2[N+](=O)[O-],69300
CHEMBL181882,CCCCOCCCNc1ncnc2nc(c3ccc(F)cc3)c(nc12)c4ccc(F)cc4,73000
CHEMBL372498,OC(=O)\C(=C\c1ccc(Oc2ccccc2[N+](=O)[O-])cc1)\NC(=O)c3ccccc3,73000
CHEMBL196042,OC(=O)C(=O)\C=C(/O)\c1ccc(Cc2cccc(F)c2)s1,74000
CHEMBL175685,OC(=O)c1ccc2c(c1)nc(c3ccccn3)n2C4CCC4,76000
CHEMBL214165,COc1ccc(cc1)c2nc(\C=C\C(=O)O)cn2C3CCCCC3,77300
CHEMBL205086,OC(=O)C1=C(O)C(=O)N(Cc2ccccc2)C(=N1)c3sccc3[N+](=O)[O-],79300
CHEMBL426244,COc1ccccc1CCNc2ncnc3nc(c4ccc(F)cc4)c(nc23)c5ccc(F)cc5,80000
CHEMBL372675,OC(=O)C(=O)\C=C(/O)\c1ccsc1Cc2cccc(F)c2,80000
CHEMBL197953,CCCCS(=O)(=O)N1CCCC(Cc2ccc(Cl)cc2)(C1)\C(=C\C(=O)C(=O)O)\O,81400
CHEMBL198005,OC(=O)C(=O)\C=C(/O)\c1ccc(Cc2cccc(Cl)c2)s1,82000
CHEMBL364520,OC(=O)C(=O)\C=C(/O)\c1cccc(c1)N2CCCC2,84000
CHEMBL182741,CCCCOCCCNc1ncnc2nc(c3ccccc3)c(nc12)c4ccccc4,87000
CHEMBL421353,OC(=O)C(=O)\C=C(/O)\c1cccn1Cc2ccc(F)cc2,93000
CHEMBL215925,Oc1ccc(CCC2(CC(=O)CC(=O)O2)C3CCC3)cc1,93000
CHEMBL178067,Cc1cc(C)c(c(C)c1)c2nc3cc(ccc3n2C4CCCCC4)C(=O)O,120000
CHEMBL175762,CCC(CC)n1c(nc2cc(ccc12)C(=O)O)c3ccccn3,139000
CHEMBL197882,Cc1sc(cc1\C(=C\C(=O)C(=O)O)\O)c2ccccc2,167000
CHEMBL177122,OC(=O)c1ccc2c(c1)ncn2C3CCCCC3,186000
CHEMBL175454,OC(=O)c1ccc2c(c1)nc(c3ccccn3)n2c4ccccc4,360000
CHEMBL369640,CC(C)n1c(nc2cc(ccc12)C(=O)O)c3ccccn3,408000